term,estimate,std_err,conf_low,conf_high,statistic,p_value,df,OR,Lower OR,Upper OR
_intercept_,-4.858005426644047,0.39074788978378977,-5.642098431263285,-4.073912422024808,-12.432582628487381,3.36157292697176e-17,52,0.007765958227020571,0.0035454207729895297,0.017010705088461045
insurance_Medicaid/CHIP/state,-0.6207079400195759,0.2058553541517762,-1.0337869287330799,-0.2076289513060719,-3.0152625496538255,0.003964776980625217,52,0.5375637399704346,0.35565755731187204,0.8125084609901944
insurance_Medicare/military/other govt,-0.14931086544787925,0.30978105196079603,-0.7709320236336594,0.47231029273790087,-0.48198837373299097,0.6318367329579826,52,0.8613013244557308,0.46258173022873644,1.6036949214193406
insurance_Single-service/IHS/uninsured,-0.5797161383421404,0.27273421163821054,-1.126997372756974,-0.03243490392730697,-2.125571760359679,0.038308144678140005,52,0.5600573228036915,0.32400466253378596,0.9680854663421102
poverty100,0.04234825283027222,0.03530331861043547,-0.028493038667432947,0.1131895443279774,1.1995544469225707,0.2357496728963243,52,1.0432577329531443,0.9719090599047782,1.119844172944707
education_Bachelor's or higher,0.7726599050394767,0.3147259325280063,0.14111611806209245,1.404203692016861,2.455024594996539,0.017469029644666786,52,2.1655186739816084,1.151558356946376,4.072282658603844
education_High school/GED,0.08886837631739375,0.3230946462903027,-0.5594684633935784,0.7372052160283659,0.2750536950635354,0.7843649405271911,52,1.0929367904932419,0.5715127630826501,2.0900860053774912
education_Some college/associate,0.42594098047476997,0.3256343171612679,-0.22749208167533258,1.0793740426248726,1.3080346819338025,0.19661450743362113,52,1.5310304117786566,0.7965287286456012,2.942836883958847
age,0.060424854234576705,0.0069428833054953525,0.046492939631688324,0.07435676883746509,8.703135509529579,1.002691067946723e-11,52,1.062287768143504,1.0475906826663637,1.0771910451466824
